<?xml version="1.0" encoding="UTF-8"?>
<addon id="plugin.googledrive" name="Google Drive" version="MOD" provider-name="Carlos Guzman (cguZZman) - [COLOR teal]Taox[/COLOR] [COLOR purple]Trece[/COLOR]">
	<requires>
		<import addon="xbmc.python" version="2.25.0" />
		<import addon="script.module.clouddrive.common" version="MOD"/>
	</requires>
	<extension point="xbmc.python.pluginsource" library="addon.py">
		<provides>image audio video</provides>
	</extension>
	<extension point="xbmc.service" library="service.py" start="login" />
	<extension point="xbmc.addon.metadata">
		<platform>all</platform>
		<summary lang="en_GB">Google Drive for KODI</summary>
		<description lang="en_GB">MOD by [COLOR teal]Taox[/COLOR] [COLOR purple]Trece[/COLOR] for [COLOR teal]Taox[/COLOR] [COLOR purple]Wizard[/COLOR]</description>
		<summary lang="es_ES">Google Drive for KODI</summary>
		<description lang="es_ES">MOD por [COLOR teal]Taox[/COLOR] [COLOR purple]Trece[/COLOR] para [COLOR teal]Taox[/COLOR] [COLOR purple]Wizard[/COLOR]</description>
		<license>GPL-3.0-or-later</license>
		<source />
		<forum />
		<website />
		<assets>
			<icon>icon.png</icon>
			<fanart>fanart.jpg</fanart>
			<screenshot>resources/screenshots/01.jpg</screenshot>
			<screenshot>resources/screenshots/02.jpg</screenshot>
			<screenshot>resources/screenshots/03.jpg</screenshot>
		</assets>
		<news>
MOD release Jan 18, 2021.
		</news>
	</extension>
</addon>