<?xml version="1.0" encoding="UTF-8"?>
<includes>

    <include name="View_55_FileList">
        <control type="group">
            <visible>Control.IsVisible(55)</visible>
            <include>Animation_Down</include>
            <control type="group">
                <right>-20</right>
                <bottom>-20</bottom>
                <height>600</height>
                <width>1036</width>
                <control type="group">
                    <visible>!String.IsEqual(Container.Property(Param.Info),user_discover)</visible>
                    <include>Object_PosterBack</include>
                    <control type="group">
                        <include>Defs_Pad</include>
                        <include content="Object_Artwork">
                            <param name="id" value="55" />
                            <param name="selectbox" value="false" />
                            <param name="icon" value="$VAR[Image_Landscape]" />
                            <param name="diffuse" value="diffuse/landscape-big.png" />
                            <param name="aspectratio" value="keep" />
                        </include>
                    </control>
                </control>
                <control type="group">
                    <visible>String.IsEqual(Container.Property(Param.Info),user_discover)</visible>
                    <include>Object_PosterBack</include>
                    <control type="multiimage">
                        <animation effect="fade" start="0" end="100" time="1000" tween="cubic" easing="inout" reversible="false">Visible</animation>
                        <animation effect="fade" end="0" start="100" time="1000" tween="cubic" easing="inout">Hidden</animation>
                        <animation effect="fade" start="100" end="10" condition="true">Conditional</animation>
                        <timeperimage>50</timeperimage>
                        <aspectratio align="center" aligny="center">stretch</aspectratio>
                        <fadetime>10</fadetime>
                        <imagepath diffuse="diffuse/landscape-big.png">$VAR[Global_BusyLoader]</imagepath>
                        <include content="Defs_Pad">
                            <param name="pad" value="20" />
                        </include>
                        <randomize>false</randomize>
                        <visible>Container(550).IsUpdating</visible>
                        <visible>!Skin.HasSetting(DisableBusyBackground)</visible>
                    </control>
                    <control type="group">
                        <centerleft>50%</centerleft>
                        <width>240</width>
                        <visible>Container(550).IsUpdating</visible>
                        <include content="Defs_BusySpinner">
                            <param name="label" value="$LOCALIZE[31428]..." />
                        </include>
                    </control>
                </control>
            </control>
            <control type="group">
                <left>-20</left>
                <bottom>-20</bottom>
                <right>1016</right>
                <height>600</height>
                <include>Object_PosterBack</include>
            </control>
            <include content="Viewtype_FileList">
                <param name="id" value="55" />
                <param name="itemlayout-width" value="724" />
                <param name="viewtype-label" value="Landscape List" />
                <onfocus condition="Skin.HasSetting(NoFanart)">SetProperty(TMDbHelper.Blur.SourceImage,Art(fallback),Home)</onfocus>

                <onfocus condition="!Skin.HasSetting(NoFanart)">SetProperty(TMDbHelper.Blur.SourceImage,poster,Home)</onfocus>
                <width>724</width>
                <movement>3</movement>
                <left>0</left>
                <bottom>0</bottom>
                <height>560</height>
                <onleft>64</onleft>
                <onright condition="String.IsEqual(Container.Property(Param.Info),user_discover)">550</onright>
                <pagecontrol>64</pagecontrol>
                <animation effect="slide" end="0,-80" condition="Integer.IsLess(Container.NumAllItems,7)">Conditional</animation>
                <animation effect="slide" end="0,-80" condition="Integer.IsLess(Container.NumAllItems,5)">Conditional</animation>
                <animation effect="slide" end="0,-80" condition="Integer.IsLess(Container.NumAllItems,3)">Conditional</animation>
                <visible>$EXP[Exp_View_55] | String.IsEqual(Container.Property(Param.Info),details) | Window.IsVisible(videoplaylist)</visible>
            </include>
            <include content="Home_Hub_Widget_Label">
                <param name="id" value="55" />
                <param name="label" value="$VAR[Label_Header_Center]" />
                <param name="altlabel" value="$INFO[Control.GetLabel(3),, ]$INFO[Control.GetLabel(4)]" />
                <top>120</top>
            </include>
            <control type="wraplist" id="550">
                <right>0</right>
                <bottom>0</bottom>
                <height>560</height>
                <width>996</width>
                <onback>55</onback>
                <onleft>55</onleft>
                <onright>Down</onright>
                <orientation>vertical</orientation>
                <onfocus condition="Skin.HasSetting(NoFanart)">SetProperty(TMDbHelper.Blur.SourceImage,Art(fallback),Home)</onfocus>

                <onfocus condition="!Skin.HasSetting(NoFanart)">SetProperty(TMDbHelper.Blur.SourceImage,landscape,Home)</onfocus>
                <visible>String.IsEqual(Container.Property(Param.Info),user_discover)</visible>
                <animation effect="fade" start="100" end="0" time="300" condition="Container(550).IsUpdating">Conditional</animation>
                <include content="Defs_AutoScroll"><param name="condition" value="!Control.HasFocus(550)" /></include>
                <itemlayout width="996" height="560">
                    <control type="image">
                        <aspectratio scalediffuse="false">scale</aspectratio>
                        <texture background="true" diffuse="diffuse/landscape-big.png">$VAR[Image_Landscape]</texture>
                    </control>
                </itemlayout>
                <focusedlayout width="996" height="560">
                    <control type="image">
                        <aspectratio scalediffuse="false">scale</aspectratio>
                        <texture background="true" diffuse="diffuse/landscape-big.png">$VAR[Image_Landscape]</texture>
                    </control>
                </focusedlayout>
                <content target="videos" limit="10">$INFO[Container(55).ListItemAbsolute(0).FolderPath]</content>
            </control>
            <control type="image">
                <right>-20</right>
                <bottom>-20</bottom>
                <height>200</height>
                <width>1026</width>
                <bordersize>45</bordersize>
                <aspectratio align="left">keep</aspectratio>
                <texture background="true">$INFO[Container(550).ListItem.Art(clearlogo)]</texture>
                <animation effect="fade" start="100" end="0" time="300" condition="Container(550).IsUpdating">Conditional</animation>
                <visible>String.IsEqual(Container.Property(Param.Info),user_discover)</visible>
            </control>
            <control type="group">
                <right>-15</right>
                <bottom>-15</bottom>
                <height>590</height>
                <width>1026</width>
                <visible>Control.HasFocus(550)</visible>
                <visible>String.IsEqual(Container.Property(Param.Info),user_discover)</visible>
                <include>View_Selectbox</include>
            </control>
        </control>
    </include>

    <include name="View_500_SongList">

        <control type="group">
            <visible>Control.IsVisible(500)</visible>
            <include>Animation_Down</include>
            <control type="button" id="5090">
                <include>Defs_Hidden_Button</include>
                <onup>Control.Move(500,-1)</onup>
                <ondown>Control.Move(500,1)</ondown>
                <onleft condition="String.IsEmpty(Window.Property(5090Action))">500</onleft>
                <onleft condition="String.IsEqual(Window.Property(5090Action),Queue)">CLearProperty(5090Action)</onleft>
                <onleft condition="String.IsEqual(Window.Property(5090Action),Delete)">CLearProperty(5090Action)</onleft>
                <onleft condition="String.IsEqual(Window.Property(5090Action),MoveItemUp)">SetProperty(5090Action,Delete)</onleft>
                <onleft condition="String.IsEqual(Window.Property(5090Action),MoveItemDown)">SetProperty(5090Action,MoveItemUp)</onleft>

                <onright condition="String.IsEmpty(Window.Property(5090Action)) + Window.IsVisible(musicplaylist)">SetProperty(5090Action,Delete)</onright>
                <onright condition="String.IsEmpty(Window.Property(5090Action)) + Window.IsVisible(MyMusicNav.xml)">SetProperty(5090Action,Queue)</onright>
                <onright condition="String.IsEqual(Window.Property(5090Action),Delete)">SetProperty(5090Action,MoveItemUp)</onright>
                <onright condition="String.IsEqual(Window.Property(5090Action),MoveItemUp)">SetProperty(5090Action,MoveItemDown)</onright>

                <onclick>SetFocus(500)</onclick>
                <onclick condition="String.IsEmpty(Window.Property(5090Action))">Action(Select)</onclick>
                <onclick condition="String.IsEqual(Window.Property(5090Action),Queue)">Action(Queue)</onclick>
                <onclick condition="String.IsEqual(Window.Property(5090Action),MoveItemUp)">Action(MoveItemUp)</onclick>
                <onclick condition="String.IsEqual(Window.Property(5090Action),MoveItemDown)">Action(MoveItemDown)</onclick>
                <onclick condition="String.IsEqual(Window.Property(5090Action),Delete)">Action(Delete)</onclick>
                <onclick>SetFocus(5090)</onclick>
            </control>
            <control type="group">
                <left>-20</left>
                <bottom>-20</bottom>
                <right>580</right>
                <height>600</height>
                <include>Object_PosterBack</include>
                <include content="Viewtype_FileList">
                    <param name="id" value="500" />
                    <param name="itemlayout-width" value="1160" />
                    <param name="viewtype-label" value="Square List" />
                    <param name="altid" value="5090" />
                    <onfocus condition="Skin.HasSetting(NoFanart)">SetProperty(TMDbHelper.Blur.SourceImage,Art(fallback),Home)</onfocus>
                    <onfocus condition="!Skin.HasSetting(NoFanart)">SetProperty(TMDbHelper.Blur.SourceImage,poster,Home)</onfocus>

                    <movement>3</movement>
                    <width>1160</width>
                    <height>560</height>
                    <onleft>64</onleft>
                    <onright>5090</onright>
                    <left>20</left>
                    <top>20</top>
                    <pagecontrol>64</pagecontrol>
                    <animation effect="slide" end="0,-80" condition="Integer.IsLess(Container.NumAllItems,7) + !String.IsEmpty(Container.NumAllITems)">Conditional</animation>
                    <animation effect="slide" end="0,-80" condition="Integer.IsLess(Container.NumAllItems,5) + !String.IsEmpty(Container.NumAllITems)">Conditional</animation>
                    <animation effect="slide" end="0,-80" condition="Integer.IsLess(Container.NumAllItems,3) + !String.IsEmpty(Container.NumAllITems)">Conditional</animation>
                    <visible>$EXP[Exp_View_500] | Window.IsVisible(musicplaylist)</visible>
                </include>
            </control>
            <control type="group">
                <right>-20</right>
                <bottom>-20</bottom>
                <height>600</height>
                <width>600</width>
                <include>Object_PosterBack</include>
                <control type="group">
                    <include>Defs_Pad</include>
                    <include content="Object_Artwork">
                        <param name="id" value="500" />
                        <param name="selectbox" value="false" />
                        <param name="icon" value="$VAR[Image_Poster]" />
                        <param name="diffuse" value="diffuse/square-big.png" />
                        <param name="aspectratio" value="keep" />
                    </include>
                </control>
            </control>
            <include content="Home_Hub_Widget_Label">
                <param name="id" value="500" />
                <param name="altid" value="5090" />
                <param name="label" value="$VAR[Label_Header_Center]" />
                <param name="altlabel" value="$INFO[Control.GetLabel(3),, ]$INFO[Control.GetLabel(4)]" />
                <top>120</top>
            </include>
        </control>
    </include>

    <include name="View_50_List_Control">
        <param name="itemlayout" default="View_50_Itemlayout" />
        <param name="itemheight" default="item_list_height" />
        <param name="altid" default="999999" />
        <param name="height" default="view_list_height" />
        <param name="top" default="0" />
        <param name="controllayout" default="View_Vertical" />
        <param name="controltype" default="panel" />
        <param name="viewtype" default="$LOCALIZE[535]" />
        <param name="viewtypename" default="list" />
        <param name="flipsides" default="false" />
        <definition>
            <control type="$PARAM[controltype]" id="$PARAM[id]">
                <nested />
                <scrolltime tween="quadratic">400</scrolltime>
                <top>$PARAM[top]</top>
                <visible>$PARAM[visible]</visible>
                <left>$PARAM[left]</left>
                <right>$PARAM[right]</right>
                <height>$PARAM[height]</height>
                <include>$PARAM[controllayout]</include>
                <pagecontrol>60</pagecontrol>
                <viewtype label="$PARAM[viewtype]">$PARAM[viewtypename]</viewtype>
                <itemlayout height="$PARAM[itemheight]">
                    <include content="$PARAM[itemlayout]">
                        <param name="itemheight" value="$PARAM[itemheight]" />
                    </include>
                </itemlayout>
                <focusedlayout height="$PARAM[itemheight]">
                    <control type="group">
                        <visible>!Control.HasFocus($PARAM[id]) + !Control.HasFocus($PARAM[altid])</visible>
                        <include content="$PARAM[itemlayout]">
                            <param name="itemheight" value="$PARAM[itemheight]" />
                        </include>
                    </control>
                    <control type="group">
                        <visible>Control.HasFocus($PARAM[id]) | Control.HasFocus($PARAM[altid])</visible>
                        <include content="$PARAM[itemlayout]">
                            <param name="fgcolor" value="main_bg" />
                            <param name="bgcolor" value="main_fg" />
                            <param name="panelcolor" value="main_fg_100" />
                            <param name="selectbox" value="true" />
                            <param name="itemheight" value="$PARAM[itemheight]" />
                        </include>
                    </control>
                </focusedlayout>
            </control>
        </definition>
    </include>

    <include name="View_50_Poster">
        <param name="height" default="view_poster_height" />
        <param name="width" default="view_poster_width" />
        <param name="include" default="Defs_Null" />
        <param name="visible" default="true" />
        <param name="left" default="-15" />
        <param name="fadetime" default="0" />
        <param name="top" default="-15" />
        <param name="allowfallback" default="true" />
        <definition>
            <control type="group">
                <top>$PARAM[top]</top>
                <left>$PARAM[left]</left>
                <width>$PARAM[width]</width>
                <include>$PARAM[include]</include>
                <visible>$PARAM[visible]</visible>
                <control type="group">
                    <height>$PARAM[height]</height>
                    <include content="Object_PosterBack">
                        <param name="pad" value="-5" />
                    </include>
                    <include content="Object_Artwork" condition="$PARAM[allowfallback]">
                        <param name="icon" value="$PARAM[icon]" />
                        <param name="aspectratio" value="$PARAM[aspectratio]" />
                        <param name="diffuse" value="$PARAM[diffuse]" />
                        <param name="fadetime" value="$PARAM[fadetime]" />
                        <param name="bordersize" value="$PARAM[bordersize]" />
                    </include>
                    <include content="Object_Poster" condition="!$PARAM[allowfallback]">
                        <param name="icon" value="$PARAM[icon]" />
                        <param name="diffuse" value="$PARAM[diffuse]" />
                        <param name="aspectratio" value="$PARAM[aspectratio]" />
                        <param name="bordersize" value="$PARAM[bordersize]" />
                        <param name="visible" value="true" />
                    </include>
                </control>
            </control>
        </definition>
    </include>

</includes>

