<?xml version="1.0" encoding="UTF-8"?><addon name="Elementum Repository" id="repository.elementum" provider-name="elgatito" version="0.1.860038">
  <extension name="Elementum Repository" point="xbmc.addon.repository">
    <checksum>http://127.0.0.1:65220/repository/elgatito/plugin.video.elementum/addons.xml.md5</checksum>
    <datadir zip="true">http://127.0.0.1:65220/repository/elgatito/</datadir>
    <info compressed="false">http://127.0.0.1:65220/repository/elgatito/plugin.video.elementum/addons.xml</info>
  </extension>
  <extension point="xbmc.addon.metadata">
    <platform>all</platform>
    <summary lang="en">GitHub repository for Elementum updates</summary>
  </extension>
  <requires/>
</addon>
