<?xml version="1.0" encoding="UTF-8" standalone="yes"?>
<addon id="script.module.clouddrive.common" name="Cloud Drive Common Module" version="MOD.2" provider-name="Carlos Guzman (cguZZman) - [COLOR teal]Taox[/COLOR] [COLOR purple]Trece[/COLOR]">
	<requires>
		<import addon="xbmc.python" version="2.25.0" />
		<import addon="script.module.dateutil" />
		<import addon="script.module.pyqrcode" />
	</requires>
	<extension point="xbmc.addon.repository" name="[COLOR teal]Taox[/COLOR] [COLOR purple]Wizard[/COLOR] Repo">  
        <dir>
        	<info>https://raw.githubusercontent.com/taoxtrece/repository.taoxwizard/master/addons.xml</info>
			<checksum>https://raw.githubusercontent.com/taoxtrece/repository.taoxwizard/master/addons.xml.md5</checksum>
        	<datadir zip="true">https://raw.githubusercontent.com/taoxtrece/repository.taoxwizard/master/repository.taoxwizard/</datadir>
		</dir>
	</extension>
    <extension library="/" point="xbmc.python.module" />
	<extension library="service.py" point="xbmc.service" start="login" />
	<extension point="xbmc.addon.metadata">
		<platform>all</platform>
		<summary lang="en_GB">Cloud Drive Common Module</summary>
		<description lang="en_GB">MOD by [COLOR teal]Taox[/COLOR] [COLOR purple]Trece[/COLOR] for [COLOR teal]Taox[/COLOR] [COLOR purple]Wizard[/COLOR]</description>
		<summary lang="es_ES">Cloud Drive Common Module</summary>
		<description lang="es_ES">MOD por [COLOR teal]Taox[/COLOR] [COLOR purple]Trece[/COLOR] para [COLOR teal]Taox[/COLOR] [COLOR purple]Wizard[/COLOR]</description>
		<license>GPL-3.0-or-later</license>
		<source />
		<forum />
		<assets>
			<icon>icon.png</icon>
			<fanart>fanart.jpg</fanart>
			<screenshot>resources/screenshots/01.jpg</screenshot>
			<screenshot>resources/screenshots/02.jpg</screenshot>
			<screenshot>resources/screenshots/03.jpg</screenshot>
		</assets>
		<news>
MOD release Jan 18, 2021.
		</news>
	</extension>
</addon>
