<?xml version="1.0" encoding="UTF-8"?>
<window>
    <defaultcontrol always="true">20</defaultcontrol>
    <onload>Dialog.Close(fullscreeninfo,true)</onload>
    <onload>Dialog.Close(videoosd,true)</onload>
    <controls>

        <control type="group">
            <control type="image">
                <height>300</height>
                <top>0</top>
                <texture flipy="true">common/osd-dim.png</texture>
            </control>
            <control type="group">
                <left>view_pad</left>
                <right>view_pad</right>
                <top>view_pad</top>
                <control type="button" id="3012">
                    <top>-1000</top>
                    <include>Defs_Hidden_Button</include>
                </control>
                <control type="grouplist" id="20">
                    <left>-16</left>
                    <top>-16</top>
                    <height>90</height>
                    <orientation>horizontal</orientation>
                    <itemgap>0</itemgap>
                    <include content="Object_IconicButton">
                        <param name="id" value="10" />
                        <param name="groupid" value="9010" />
                        <param name="label" value="$ADDON[service.upnext 30010]" />
                        <param name="icon" value="special://skin/extras/icons/play3.png" />
                        <param name="visible" value="Integer.IsGreater(Player.TimeRemaining,59)" />
                        <onclick>SendClick(3012)</onclick>
                    </include>
                    <include content="Object_IconicButton">
                        <param name="id" value="11" />
                        <param name="groupid" value="9011" />
                        <param name="label" value="$ADDON[service.upnext 30010] $ADDON[service.upnext 30036] [COLOR $VAR[ColorHighlight]][/COLOR]..." />
                        <param name="icon" value="special://skin/extras/icons/play3.png" />
                        <param name="visible" value="!Integer.IsGreater(Player.TimeRemaining,59)" />
                        <onclick>SendClick(3012)</onclick>
                    </include>
                    <include content="Object_IconicButton">
                        <param name="id" value="3013" />
                        <param name="groupid" value="9013" />
                        <param name="label" value="$ADDON[service.upnext 30034]" />
                        <param name="icon" value="special://skin/extras/icons/disabled.png" />
                        <param name="visible" value="true" />
                    </include>
                </control>

            </control>
        </control>

        
    </controls>
</window>