<?xml version="1.0" encoding="UTF-8"?>
<window>
    <onload>SetProperty(SkinInitStarted,1,home)</onload>
    <onload>ClearProperty(SkinSplashStarted,home)</onload>
    <onload>Skin.SetBool(TMDbHelper.Service)</onload>
    <onload condition="!Skin.HasSetting(SkinHelper.EnablePVRThumbs)">Skin.SetBool(SkinHelper.EnablePVRThumbs)</onload>
    <onload condition="!Skin.HasSetting(SkinHelper.EnableMusicArt)">Skin.SetBool(SkinHelper.EnableMusicArt)</onload>
    <onload condition="!Skin.String(colorbox_effect)">Skin.SetString(colorbox_effect,blur)</onload>
    <onload condition="!Skin.String(colorbox_quality)">Skin.SetString(colorbox_quality,4)</onload>
    <onload condition="!Skin.String(colorbox_blend)">Skin.SetString(colorbox_blend,100)</onload>
    <onload condition="!Skin.String(colorbox_blursize)">Skin.SetString(colorbox_blursize,30)</onload>
    <onload condition="!Skin.String(colorbox_bitsize)">Skin.SetString(colorbox_bitsize,1)</onload>
    <onload condition="!Skin.String(colorbox_pixelsize)">Skin.SetString(colorbox_pixelsize,12)</onload>
    <onload condition="!Skin.String(colorbox_desat)">Skin.SetString(colorbox_desat,0.3)</onload>
    <onload condition="!Skin.String(colorbox_black)">Skin.SetString(colorbox_black,000000)</onload>
    <onload condition="!Skin.String(colorbox_white)">Skin.SetString(colorbox_white,ffffff)</onload>
    <onload condition="!Skin.String(colorbox_main)">Skin.SetString(colorbox_main,main:fhls*-;0.45;0.9)</onload>
    <onload condition="!Skin.String(colorbox_comp)">Skin.SetString(colorbox_comp,main:hls*0.75;0;0@fhls*-;0.45;0.9)</onload>

    <onload condition="System.HasAddon(script.colorbox) + Skin.HasSetting(EnableBlur)">RunScript(script.colorbox,daemon=True)</onload>
    <onload condition="Skin.HasSetting(EnableBlur)">SetProperty(FIVE_daemon_set,$INFO[Skin.String(colorbox_effect)],home)</onload>
    <onload condition="System.HasAddon(script.colorbox)">AlarmClock(nms1,SetProperty(NINE_manual_set,"var=main,set=$INFO[Skin.String(colorbox_main)]|var=comp,set=$INFO[Skin.String(colorbox_comp)]|var=quality,set=$INFO[Skin.String(colorbox_quality)]|var=blursize,set=$INFO[Skin.String(colorbox_blursize)]|var=bitsize,set=$INFO[Skin.String(colorbox_bitsize)]|var=pixelsize,set=$INFO[Skin.String(colorbox_pixelsize)]|var=black,set=$INFO[Skin.String(colorbox_black)]|var=white,set=$INFO[Skin.String(colorbox_white)]|var=blend,set=$INFO[Skin.String(colorbox_blend)]|var=desat,set=$INFO[Skin.String(colorbox_desat)]",home),00:05,true)</onload>
	

	<onload>Notification(Bienvenido a [B][COLOR teal]Taox[/COLOR] [COLOR purple]Wizard[/COLOR][/B], Soporte en Telegram [B][COLOR teal]t.me/taoxwizardgrupo[/COLOR][/B],5000)</onload>
	<onload>RunPlugin(plugin://plugin.video.palantir,home)</onload>

    <!-- Skin Init -->
    <onload condition="!Skin.HasSetting(SkinInit)">Skin.SetString(weather.icons.path,resource://resource.images.weathericons.outline-hd/)</onload>
    <onload condition="!Skin.HasSetting(SkinInit)">Skin.SetBool(SubmenuOnly)</onload>
    <onload condition="!Skin.HasSetting(SkinInit)">Skin.SetString(widgetPath,special://skin/extras/playlists/RandomMovies.xsp)</onload>
    <onload condition="!Skin.HasSetting(SkinInit)">Skin.SetString(widgetTarget,videos)</onload>
    <onload condition="!Skin.HasSetting(SkinInit)">Skin.SetBool(SkinInit)</onload>


    <onload condition="!String.IsEmpty(Skin.String(StartupPlaylist))">ReplaceWindow(1113)</onload>
    <onload condition="String.IsEmpty(Skin.String(StartupPlaylist))">ReplaceWindow($INFO[System.StartupWindow])</onload>
    <controls />
</window>
