<?xml version="1.0" encoding="UTF-8" standalone="yes"?>
<addon id="resource.taoxwizardtool" name="[COLOR teal]Taox[/COLOR] [COLOR purple]Wizard[/COLOR] Mantenimiento" version="1.2" provider-name="[COLOR teal]Taox[/COLOR] [COLOR purple]Trece[/COLOR]">
  <requires>
    <import addon="xbmc.python" version="2.1.0"/>
  </requires>
  <extension point="xbmc.python.pluginsource" library="default.py">
        <provides>executable</provides>
  </extension>
  <extension point="xbmc.service" library="startup.py" start="startup" />
  <extension point="xbmc.addon.metadata">
    <summary lang="en">Taox Wizard Maintenance</summary>
    <description lang="en">Maintenance for Taox Wizard</description>
    <summary lang="es_ES">Taox Wizard Mantenimiento</summary>
    <description lang="es_ES">Mantenimiento para builds de Taox Wizard</description>
    <platform>all</platform>
  </extension>
</addon>
