<addon id="skin.arctic.horizon" name="Arctic Horizon" provider-name="jurialmunkey,[COLOR purple]taoxtrece[/COLOR]" version="MOD.2.1">
    <requires>
        <import addon="xbmc.gui" version="5.14.0" />
        <import addon="script.skinshortcuts" version="0.4.0" />
        <import addon="script.skinvariables" version="0.2.2" />
        <import addon="script.image.resource.select" version="0.0.5" />
        <import addon="plugin.video.themoviedb.helper" version="3.3.1" />
        <import addon="plugin.program.autocompletion" version="1.0.1" />
        <import addon="resource.images.studios.white" version="0.0.10" />
        <import addon="resource.images.weathericons.white" version="0.0.1" />
        <import addon="resource.images.moviegenreicons.transparent" version="0.0.6" />
        <import addon="resource.images.moviecountryicons.maps" version="0.0.1" />
    </requires>
    <extension debugging="false" defaultthemename="Textures.xbt" effectslowdown="1" point="xbmc.gui.skin">
        <res aspect="16:9" default="true" folder="1080i" height="1080" width="1920" />
    </extension>
    <extension point="xbmc.addon.metadata">
        <summary lang="en">Minimal. Simple. MOD by Taox Trece for Taox Wizard. All credits for the original skinner jurialmunkey.</summary>
        <description lang="en">MOD by Taox Trece for Taox Wizard. All credits for the original skinner jurialmunkey. Arctic Horizon is a minimalistic skin with an emphasis on simplicity.</description>
        <platform>all</platform>
        <license>Creative Commons Attribution Non-Commercial Share-Alike 4.0</license>
        <forum />
        <source />
        <assets>
            <icon>icon.png</icon>
            <fanart>fanart.jpg</fanart>
        </assets>
    </extension>
</addon>
