<?xml version="1.0" encoding="UTF-8"?>
<includes>
    <include name="View_51_Addons">
        <control type="group">
            <visible>Control.IsVisible(51)</visible>
            <include>Animation_Down</include>
            <include content="Viewtype_Square">
                <param name="id" value="51" />
                <param name="viewtype-label" value="Square Row" />
                <left>-80</left>
                <right>-80</right>
                <bottom>view_bottom</bottom>
                <pagecontrol>60</pagecontrol>
                <onfocus>ClearProperty(TMDbHelper.WidgetContainer,Home)</onfocus>
                <include>Viewtype_Movement</include>
                <ondown condition="!Skin.HasSetting(DisableWallScroll) + [Container(51).HasNext | Container(51).HasPrevious]">SetProperty(WallMode,1)</ondown>
                <ondown condition="!Skin.HasSetting(DisableWallScroll) + [Container(51).HasNext | Container(51).HasPrevious]">Container.SetViewMode(5151)</ondown>
                <ondown condition="!Skin.HasSetting(DisableWallScroll) + [Container(51).HasNext | Container(51).HasPrevious]">SetFocus(25151)</ondown>
                <ondown condition="Skin.HasSetting(DisableWallScroll)">60</ondown>
                <visible>$EXP[Exp_View_51]</visible>
            </include>
            <include content="Home_Hub_Widget_Label">
                <param name="id" value="51" />
                <param name="altid" value="510" />
                <param name="label" value="$VAR[Label_Header_Center]" />
                <param name="altlabel" value="$INFO[Control.GetLabel(3),, ]$INFO[Control.GetLabel(4)]" />
            </include>
        </control>
        <control type="group">
            <visible>Control.IsVisible(5151)</visible>
            <include>Animation_Down</include>
            <include content="Viewtype_WallSwitch">
                <param name="id" value="51" />
                <param name="include" value="Viewtype_Square" />
                <param name="viewtype-label" value="Square Row" />
            </include>
        </control>
        <include content="Viewtype_WallSwitch_Furniture">
            <param name="id" value="51" />
        </include>
    </include>

    <include name="View_501_AddonsWall">
        <control type="group">
            <visible>Control.IsVisible(501)</visible>
            <include>Animation_Down</include>
            <control type="group">
                <include content="Viewtype_HorizontalWall_Animation">
                    <param name="id" value="501" />
                    <param name="itemwidth" value="item_square_width" />
                    <param name="6columns" value="true" />
                </include>
                <include content="Viewtype_Square">
                    <param name="id" value="501" />
                    <param name="viewtype-label" value="Square Wall" />
                    <param name="control-type" value="panel" />
                    <param name="orientation" value="horizontal" />
                    <param name="height" value="800" />
                    <param name="offset" value="0" />
                    <scrolltime>0</scrolltime>
                    <animation effect="fade" end="0" condition="true">Conditional</animation>
                    <left>-20</left>
                    <width>300</width>
                    <bottom>-100</bottom>
                    <pagecontrol>60</pagecontrol>
                    <onfocus>ClearProperty(TMDbHelper.WidgetContainer,Home)</onfocus>
                    <include>Viewtype_Movement</include>
                    <ondown>60</ondown>
                    <onup>SetFocus(9000)</onup>
                    <visible>$EXP[Exp_View_501]</visible>
                </include>
                <include content="Viewtype_HorizontalWall">
                    <param name="id" value="501" />
                    <param name="itemwidth" value="item_square_width" />
                    <param name="diffuse" value="diffuse/square-std.png" />
                    <param name="imagevar" value="Image_Poster" />
                    <param name="include" value="Viewtype_Landscape_Itemlayout" />
                    <param name="textbox-height" value="60" />
                    <param name="label-include" value="Viewtype_Square_Label" />
                    <param name="6columns" value="true" />
                </include>
            </control>
            <include content="Home_Hub_Widget_Label">
                <param name="id" value="501" />
                <param name="label" value="$VAR[Label_Header_Center]" />
                <param name="altlabel" value="$INFO[Control.GetLabel(3),, ]$INFO[Control.GetLabel(4)]" />
                <top>0</top>
            </include>
        </control>
    </include>
</includes>

