<?xml version="1.0" encoding="UTF-8"?>
<!-- Foundation -->
<window id="0">
    <defaultcontrol always="false">3992</defaultcontrol>
    <onload condition="String.IsEmpty(Window(Home).Property(SkinSplashStarted))">AlarmClock(refocus,SetFocus(301),00:01,silent,false)</onload>
    <onload condition="String.IsEmpty(Window(Home).Property(SkinSplashStarted))">AlarmClock(SkinSplashStarted,SetProperty(SkinSplashStarted,1,home),00:01,silent,false)</onload>

    <onload condition="Control.HasFocus(301) | Control.HasFocus(303)">SetFocus(3992)</onload>
    <onload>RunScript(script.skinshortcuts,type=buildxml&amp;mainmenuID=301&amp;levels=1&amp;group=mainmenu|powermenu|searchmenu)</onload>
    <onload>RunScript(script.skinvariables,action=buildviews)</onload>
    <onunload>ClearProperty(TMDbHelper.WidgetContainer,Home)</onunload>

    <!-- <onload>Skin.SetBool(TMDbHelper.EnableColors)</onload>
    <onload>Skin.SetString(TMDbHelper.Colors.Luminance,0.5)</onload>
    <onload>Skin.SetString(TMDbHelper.Colors.Saturation,0.8)</onload>
    <onload>SetProperty(TMDbHelper.Colors.Fallback,$VAR[Global_Background_Image_NoFanart_Fallback],Home)</onload>
    <onload>SetProperty(TMDbHelper.Colors.SourceImage,poster,Home)</onload> -->

    <onload>SetProperty(TMDbHelper.Blur.Fallback,$VAR[Global_Background_Image_NoFanart_Fallback],Home)</onload>
    <onload condition="Skin.HasSetting(NoFanart)">SetProperty(TMDbHelper.Blur.SourceImage,Art(fallback),Home)</onload>
    <onload condition="!Skin.HasSetting(NoFanart)">SetProperty(TMDbHelper.Blur.SourceImage,poster,Home)</onload>
    <onload condition="Skin.HasSetting(DisableBlur)">Skin.Reset(TMDbHelper.EnableBlur)</onload>
    <onload condition="!Skin.HasSetting(DisableBlur)">Skin.SetBool(TMDbHelper.EnableBlur)</onload>

    <controls>
        <control type="list" id="3700">
            <description>Hidden container for widget count</description>
            <include>Defs_Hidden_List</include>
            <content><include>skinshortcuts-submenu-1</include></content>
        </control>
        <control type="list" id="3701">
            <description>Hidden container for grouplist ids</description>
            <include>Defs_Hidden_List</include>
            <content><include>skinshortcuts-template-widgetgrouplists</include></content>
        </control>
        <control type="list" id="56560">
            <include>Defs_Offscreen</include>
            <orientation>horizontal</orientation>
            <itemlayout />
            <focusedlayout />
            <content>
                <include content="Object_56560_Item">
                    <param name="listitem" value="Container(3001).ListItem" />
                    <visible>Integer.IsEqual(Container(3700).NumItems,0)</visible>
                </include>
                <include>skinshortcuts-template-infoline</include>
            </content>
        </control>



        <include>Home_Multi</include>
        <include>Object_NowPlaying</include>
        <include>Home_Submenu</include>
        <include condition="Skin.HasSetting(EnableHorizontalHome)">Home_Menu_Horizontal</include>


        <!-- Splash -->
        <control type="group">
            <visible>String.IsEmpty(Skin.String(StartupPlaylist))</visible>
            <visible>String.IsEmpty(Window(Home).Property(SkinSplashStarted)) | Integer.IsEqual(Container(301).NumItems,0) | Container(301).IsUpdating</visible>
            <animation effect="fade" start="100" end="0" delay="0" time="500" tween="quadratic">Hidden</animation>
            <control type="image" description="Background">
                <include>Dimensions_Fullscreen</include>
                <texture>special://skin/extras/backgrounds/mountains3.jpg</texture>
            </control>
            <control type="grouplist">
                <top>280</top>
                <align>center</align>
                <orientation>vertical</orientation>
                <control type="label" description="Splash Title">
                    <height>70</height>
                    <align>center</align>
                    <aligny>center</aligny>
                    <label>Dark [COLOR=$VAR[ColorHighlight]]Ocean[/COLOR]</label>
                    <font>font_splash</font>
                    <textcolor>CDFFFFFF</textcolor>
                </control>
                <control type="label" description="Splash Sublabel">
                    <height>60</height>
                    <align>center</align>
                    <aligny>top</aligny>
                    <label>$LOCALIZE[31349]...</label>
                    <font>font_tiny</font>
                    <textcolor>7FFFFFFF</textcolor>
                </control>
                <control type="group" description="Busy Spinner">
                    <height>80</height>
                    <control type="image" description="Back">
                        <centerleft>50%</centerleft>
                        <width>80</width>
                        <aspectratio align="center" aligny="center">keep</aspectratio>
                        <texture>dialog/loading-back-busy.png</texture>
                        <colordiffuse>7FFFFFFF</colordiffuse>
                    </control>
                    <control type="image" description="Back">
                        <centerleft>50%</centerleft>
                        <width>80</width>
                        <aspectratio align="center" aligny="center">keep</aspectratio>
                        <texture>dialog/loading-back.png</texture>
                        <colordiffuse>7FFFFFFF</colordiffuse>
                    </control>
                    <control type="group">
                        <centerleft>50%</centerleft>
                        <width>80</width>
                        <animation effect="rotate" condition="true" start="0" end="360" loop="true" time="1000" center="auto">Conditional</animation>
                        <control type="image">
                            <texture colordiffuse="$VAR[ColorHighlight]">dialog/loading-spinner.png</texture>
                            <aspectratio>keep</aspectratio>
                        </control>
                        <control type="image">
                            <texture colordiffuse="$VAR[ColorGradient]">dialog/loading-spinner.png</texture>
                            <aspectratio>keep</aspectratio>
                            <animation effect="fade" condition="true" start="0" end="75" pulse="true" time="1000">Conditional</animation>
                        </control>
                    </control>
                </control>
            </control>
        </control>

    </controls>
</window>
