<?xml version="1.0" encoding="UTF-8" standalone="yes"?>
<addon id="plugin.program.taoxwizard" name="[COLOR teal]Taox[/COLOR] [COLOR purple]Wizard[/COLOR]" version="2.4.1" provider-name="[COLOR teal]Taox[/COLOR] [COLOR purple]Trece[/COLOR]">
  <requires>
    <import addon="xbmc.python" version="2.1.0"/>
	</requires>
  <extension point="xbmc.python.pluginsource" library="default.py">
		<provides>executable</provides>
  </extension>
  <extension point="xbmc.service" library="startup.py" start="startup"/>
  <extension point="xbmc.addon.metadata">
    <summary lang="en">Taox Wizard</summary>
    <description lang="en">Kodi Builds by Taox Trece.</description>
    <summary lang="es_ES">Taox Wizard</summary>
    <description lang="es_ES">Instalador de builds para Kodi.</description>
    <platform>all</platform>
		<assets>
			<icon>icon.png</icon>
			<fanart>fanart.jpg</fanart>
			<screenshot>resources/screenshots/1.jpg</screenshot>
			<screenshot>resources/screenshots/2.jpg</screenshot>
			<screenshot>resources/screenshots/3.jpg</screenshot>
		</assets>
    <source>https://github.com/taoxtrece/plugin.program.taoxwizard</source>
  </extension>
</addon>
